DOMAIN,SIMILARITY
biological_process,0.46321760759926073
cellular_component,0.6907611521405129
molecular_function,0.5836101523550677
